airline,avgPol,rankPol,acsi_rank,rank_diff
AlaskaAir,0.7011310992118405,1,1,0
Allegiant,0.1788053949903661,4,6,2
AmericanAir,-0.08446212406981904,7,5,2
Delta,0.2274808981937983,3,4,1
FlyFrontier,-0.18427882832777157,8,8,0
JetBlue,0.15067435814104654,5,3,2
SouthwestAir,0.35402212638289865,2,2,0
SpiritAirlines,-0.332037947193965,9,9,0
united,-0.018055907440250304,6,7,1
