airline,threshold1,threshold2,threshold3,rankThr1,rankThr2,rankThr3,avgRank,acsi_rank,rank_diff
AlaskaAir,2.923866441470703,3.248432601880878,3.119638826185102,1,1,1,1,1,0
Allegiant,1.2787698412698412,1.26536312849162,1.6261682242990654,4,4,3,4,6,2
AmericanAir,0.9315804068873371,0.8381644024290991,0.786846937072275,7,7,7,7,5,2
Delta,1.3534705570952574,1.4122623335287712,1.4958501304244725,3,3,4,3,4,1
FlyFrontier,0.8274285714285714,0.7505030181086519,0.6844919786096256,8,8,8,8,8,0
JetBlue,1.2438395710898031,1.2420078519349411,1.2469927826784282,5,5,5,5,3,2
SouthwestAir,1.6034950286230791,1.7735499501211345,1.8998743192291578,2,2,2,2,2,0
SpiritAirlines,0.6525679758308157,0.5474209650582362,0.5233082706766917,9,9,9,9,9,0
united,1.0149740088447514,0.926009187762682,0.8863697705802969,6,6,6,6,7,1
