airline,avgPol,rankPol,acsi_rank,rank_diff
AlaskaAir,1.4350461592057133,1,1,0
Allegiant,0.07635574837310195,5,6,1
AmericanAir,-0.5402345015223166,7,5,2
Delta,0.1304016129911176,3,4,1
FlyFrontier,-0.931740614334471,8,8,0
JetBlue,0.09835988753514528,4,3,1
SouthwestAir,0.46321793863099925,2,2,0
SpiritAirlines,-1.0149952015355086,9,9,0
united,-0.3809625460896565,6,7,1
