airline,threshold1,threshold2,threshold3,rankThr1,rankThr2,rankThr3,avgRank,acsi_rank,rank_diff
AlaskaAir,2.9235966735966734,3.249705997647981,3.119638826185102,1,1,1,1,1,0
Allegiant,1.2787698412698412,1.26536312849162,1.6261682242990654,4,4,3,4,6,2
AmericanAir,0.9314857776881178,0.8377684553252771,0.7863105175292153,7,7,7,7,5,2
Delta,1.3537402249431412,1.4126225798340457,1.4966777408637875,3,3,4,3,4,1
FlyFrontier,0.819152995040061,0.7368951612903226,0.675603217158177,8,8,8,8,8,0
JetBlue,1.244043321299639,1.2423562412342215,1.2469927826784282,5,5,5,5,3,2
SouthwestAir,1.6033651431441487,1.773991159275631,1.8994132439228835,2,2,2,2,2,0
SpiritAirlines,0.6516296136412691,0.5466148723640399,0.5218045112781955,9,9,9,9,9,0
united,1.0146248739235006,0.926009187762682,0.8863697705802969,6,6,6,6,7,1
