airline,avgPol,rankPol,acsi_rank,rank_diff
AlaskaAir,2.209335706,1,1,0
Allegiant,1.031093638,5,6,1
AmericanAir,0.522333637,7,5,2
Delta,1.231540727,3,4,1
FlyFrontier,0.020774648,8,8,0
JetBlue,1.136213528,4,3,1
SouthwestAir,1.512982196,2,2,0
SpiritAirlines,-0.071765322,9,9,0
united,0.68655435,6,7,1
