airline,threshold1,threshold2,threshold3,rankThr1,rankThr2,rankThr3,avgRank,acsi_rank,rank_diff
AlaskaAir,3.663641802951735,4.7138067662298075,6.626094570928196,1,1,1,1,1,0
Allegiant,1.8401976935749589,2.246153846153846,2.575221238938053,2,2,2,2,6,4
AmericanAir,1.1182804174417504,1.2718870843000774,1.4900941545704198,8,8,7,8,5,3
Delta,1.5908511570478352,1.5204957539591462,2.18839590443686,5,5,4,5,4,1
FlyFrontier,1.1190042501517912,1.3623417721518987,1.8652631578947367,7,6,5,6,8,2
JetBlue,1.6244879719967231,1.5900910438280753,1.6105799872530273,4,4,6,5,3,2
SouthwestAir,1.7140285279047223,2.109742687486255,2.2890826873385013,3,3,3,3,2,1
SpiritAirlines,0.7240327500401349,0.5925337569499602,0.5530546623794212,9,9,9,9,9,0
united,1.1725453062942213,1.2727751844601716,1.2129956404401079,6,7,8,7,7,0
