airline,avgPol,rankPol,acsi_rank,rank_diff
AlaskaAir,0.703127819548872,1,1,0
Allegiant,0.18073217726396917,4,6,2
AmericanAir,-0.08208409506398498,7,5,2
Delta,0.2305294495359289,3,4,1
FlyFrontier,-0.16993706034801925,8,8,0
JetBlue,0.15151884340480823,5,3,2
SouthwestAir,0.35480297245704934,2,2,0
SpiritAirlines,-0.331047880242258,9,9,0
united,-0.01583496522385012,6,7,1
